{
    "accuracy": 0.939375,
    "f1_score": 0.9379185768502815,
    "details": {
        "glioma": {
            "precision": 0.9906542056074766,
            "recall": 0.795,
            "f1-score": 0.8821081830790569,
            "support": 400.0
        },
        "meningioma": {
            "precision": 0.8886363636363637,
            "recall": 0.9775,
            "f1-score": 0.930952380952381,
            "support": 400.0
        },
        "notumor": {
            "precision": 0.9090909090909091,
            "recall": 1.0,
            "f1-score": 0.9523809523809523,
            "support": 400.0
        },
        "pituitary": {
            "precision": 0.9874686716791979,
            "recall": 0.985,
            "f1-score": 0.986232790988736,
            "support": 400.0
        },
        "accuracy": 0.939375,
        "macro avg": {
            "precision": 0.9439625375034868,
            "recall": 0.939375,
            "f1-score": 0.9379185768502816,
            "support": 1600.0
        },
        "weighted avg": {
            "precision": 0.9439625375034869,
            "recall": 0.939375,
            "f1-score": 0.9379185768502815,
            "support": 1600.0
        }
    }
}