{
    "accuracy": 0.954375,
    "f1_score": 0.9539633597177932,
    "details": {
        "0": {
            "precision": 0.9830028328611898,
            "recall": 0.8675,
            "f1-score": 0.9216467463479415,
            "support": 400.0
        },
        "1": {
            "precision": 0.9122401847575058,
            "recall": 0.9875,
            "f1-score": 0.9483793517406963,
            "support": 400.0
        },
        "2": {
            "precision": 0.9345794392523364,
            "recall": 1.0,
            "f1-score": 0.966183574879227,
            "support": 400.0
        },
        "3": {
            "precision": 0.9974093264248705,
            "recall": 0.9625,
            "f1-score": 0.9796437659033079,
            "support": 400.0
        },
        "accuracy": 0.954375,
        "macro avg": {
            "precision": 0.9568079458239757,
            "recall": 0.954375,
            "f1-score": 0.9539633597177932,
            "support": 1600.0
        },
        "weighted avg": {
            "precision": 0.9568079458239757,
            "recall": 0.954375,
            "f1-score": 0.9539633597177932,
            "support": 1600.0
        }
    }
}